"","mean","sd","X2.5.","X25.","X50.","X75.","X97.5.","Rhat","n.eff"
"alpha",1,0,1,1,1,1,1,1,1
"deviance",3716.3082,73.9263,3574.5224,3666.222,3715.6376,3766.1243,3865.651,1.0127,130
"eta[1]",0.6406,0.0334,0.5762,0.6194,0.6416,0.6601,0.7115,1.15,16
"eta[2]",1.0261,0.0613,0.8992,0.9861,1.0299,1.07,1.1366,1.0017,1700
"kappa[1]",0,0,0,0,0,0,0,1,1
"kappa[2]",-5.4116,0.431,-6.2895,-5.6963,-5.3922,-5.1126,-4.6059,1.0009,5000
"kappa[3]",-3.3137,0.1779,-3.6657,-3.434,-3.3128,-3.1948,-2.9563,1.0021,1100
"kappa[4]",-2.3694,0.1075,-2.5848,-2.4405,-2.3686,-2.2962,-2.1645,1.0036,1600
"kappa[5]",0.0186,0.1183,-0.1932,-0.0634,0.0134,0.0933,0.2626,1.0156,110
"phi[1]",-0.1045,0.081,-0.2492,-0.1583,-0.1132,-0.0568,0.0765,1.0114,420
"phi[2]",-0.3662,0.1073,-0.5741,-0.4421,-0.3665,-0.2826,-0.1778,1.0603,560
"phi[3]",0.3629,0.2318,-0.0533,0.1718,0.3743,0.5493,0.7609,1.0396,59
"phi[4]",-2e-04,0.2144,-0.3864,-0.1734,0.0023,0.1742,0.3689,1.0235,86
"phi[5]",-0.0852,0.1097,-0.2891,-0.1611,-0.0916,-0.0144,0.1495,1.0162,140
"phi[6]",0.2713,0.1856,-0.056,0.1279,0.267,0.4141,0.6231,1.0044,450
"phi[7]",0.2737,0.1118,0.0719,0.2029,0.2649,0.342,0.5269,1.0263,160
"phi[8]",-0.013,0.1049,-0.2076,-0.0815,-0.0171,0.0505,0.2082,1.014,120
"phi[9]",-0.0891,0.0457,-0.1788,-0.1192,-0.0906,-0.0604,0.0063,1.0536,67
"phi[10]",-0.086,0.1019,-0.2774,-0.1562,-0.0911,-0.0189,0.1254,1.008,2700
"phi[11]",-0.2503,0.0704,-0.3828,-0.2982,-0.2529,-0.2061,-0.0986,1.0103,270
"phi[12]",-0.2565,0.125,-0.4665,-0.3547,-0.2644,-0.1656,-0.0106,1.0233,78
"phi[13]",0.0215,0.2194,-0.3893,-0.1429,0.0367,0.2014,0.3728,1.0718,26
"phi[14]",0.1814,0.2241,-0.3451,0.0473,0.247,0.3518,0.482,1.029,150
"phi[15]",0.1507,0.1251,-0.0636,0.0505,0.1428,0.2414,0.4018,1.1187,19
"phi[16]",-0.0397,0.065,-0.1638,-0.0841,-0.0405,0.0051,0.0834,1.0153,280
"phi[17]",0.1276,0.1058,-0.0494,0.0494,0.1249,0.1935,0.3466,1.0791,27
"phi[18]",-0.2236,0.0505,-0.3273,-0.2592,-0.2193,-0.1857,-0.1389,1.0501,36
"phi[19]",0.238,0.1318,-0.0311,0.1565,0.2453,0.3307,0.4705,1.0042,730
"phi[20]",-0.1129,0.0435,-0.1983,-0.1418,-0.1157,-0.0833,-0.0232,1.0651,32
"psi[1]",0.6513,0.0644,0.5364,0.6049,0.6471,0.6945,0.7843,1.0035,1300
"psi[2]",0.2779,0.0756,0.106,0.2285,0.2918,0.3332,0.3958,1.0928,85
"psi[3]",0.1334,0.0738,0.028,0.0727,0.1225,0.1851,0.2954,1.0132,120
"psi[4]",0.1406,0.0776,0.0304,0.0751,0.13,0.1953,0.3084,1.0008,5000
"psi[5]",0.6268,0.056,0.5206,0.5871,0.6261,0.6641,0.742,1.006,290
"psi[6]",0.1372,0.0749,0.0277,0.0741,0.127,0.1916,0.2931,1.001,5000
"psi[7]",0.6519,0.062,0.5386,0.6103,0.649,0.6914,0.7824,1.0185,570
"psi[8]",0.7022,0.0522,0.6095,0.6651,0.6996,0.735,0.8112,1.0105,200
"psi[9]",0.357,0.098,0.1293,0.2992,0.3711,0.4279,0.5196,1.0008,5000
"psi[10]",0.5701,0.0519,0.4719,0.535,0.5671,0.6027,0.6795,1.0057,1700
"psi[11]",0.6523,0.0485,0.5664,0.619,0.6487,0.6829,0.757,1.0069,250
"psi[12]",0.3306,0.0855,0.1623,0.2693,0.336,0.3948,0.4799,1.0153,110
"psi[13]",0.1696,0.097,0.0295,0.0879,0.1576,0.2404,0.3676,1.0208,78
"psi[14]",0.2551,0.1233,0.0412,0.1542,0.2622,0.3528,0.4703,1.0017,1700
"psi[15]",0.3041,0.0732,0.1541,0.2506,0.3064,0.3567,0.4369,1.1259,18
"psi[16]",0.4924,0.1009,0.226,0.4521,0.512,0.5595,0.6366,1.0417,790
"psi[17]",0.4161,0.0876,0.2512,0.3533,0.4149,0.4772,0.5874,1.0263,80
"psi[18]",0.3279,0.0847,0.146,0.2701,0.3366,0.3919,0.4652,1.0483,160
"psi[19]",0.2837,0.0884,0.0966,0.2243,0.2969,0.35,0.4286,1.0008,5000
"psi[20]",0.3564,0.1025,0.1358,0.2897,0.3653,0.4334,0.5265,1.0013,3300
"theta[1]",0.9062,0.6411,-0.2777,0.4635,0.8733,1.323,2.2243,1.0009,5000
"theta[2]",-0.7012,0.5075,-1.6493,-1.056,-0.7191,-0.3581,0.3065,1.0019,1400
"theta[3]",0.6959,0.5838,-0.4248,0.3115,0.6882,1.0712,1.8775,1.0009,5000
"theta[4]",0.5225,0.5053,-0.4258,0.1748,0.5131,0.8482,1.5518,1.0015,2000
"theta[5]",-0.1933,0.564,-1.2248,-0.5931,-0.2049,0.1666,0.9839,1.0009,5000
"theta[6]",1.0371,0.5975,-0.1083,0.6298,1.03,1.4355,2.2416,1.0014,2500
"theta[7]",-1.4189,0.3836,-2.1621,-1.6764,-1.4211,-1.1613,-0.6568,1.0008,5000
"theta[8]",0.1983,0.6188,-0.9562,-0.2275,0.1845,0.6124,1.4442,1.0018,1800
"theta[9]",0.8242,0.6946,-0.4613,0.3447,0.7943,1.2613,2.2721,1.001,5000
"theta[10]",-0.1858,0.5426,-1.2109,-0.5478,-0.2122,0.1704,0.9039,1.0012,3400
"theta[11]",1.0299,0.5412,0.0174,0.6649,1.0047,1.3677,2.1625,1.0016,2200
"theta[12]",-0.3763,0.5911,-1.465,-0.7858,-0.3914,-0.0072,0.8668,1.0018,1500
"theta[13]",0.6888,0.6638,-0.5108,0.227,0.6702,1.1045,2.0526,1.0014,2700
"theta[14]",-0.7211,0.5343,-1.7074,-1.0889,-0.7466,-0.3719,0.394,1.0009,5000
"theta[15]",-0.5798,0.5051,-1.5127,-0.9254,-0.5893,-0.2502,0.4568,1.0017,1600
"theta[16]",-1.1202,0.464,-1.9852,-1.4472,-1.1412,-0.8145,-0.1537,1.0008,5000
"theta[17]",-1.7671,0.4492,-2.6415,-2.0687,-1.7629,-1.4627,-0.9081,1.0068,250
"theta[18]",0.9953,0.6109,-0.1767,0.5752,0.981,1.3918,2.2407,1.0009,5000
"theta[19]",1.2451,0.6966,-0.0422,0.7692,1.2063,1.7097,2.6536,1.0008,5000
"theta[20]",-0.6025,0.5229,-1.5598,-0.9713,-0.624,-0.254,0.4891,1.002,1500
"theta[21]",1.2263,0.6733,-0.0354,0.7727,1.1985,1.6639,2.5791,1.0008,5000
"theta[22]",-0.709,0.5086,-1.6418,-1.0676,-0.7257,-0.3668,0.3063,1.0017,1600
"theta[23]",0.9605,0.6606,-0.2658,0.5119,0.9333,1.3775,2.3288,1.0014,2400
"theta[24]",-0.1668,0.4654,-1.0671,-0.4794,-0.1713,0.1328,0.7955,1.0008,5000
"theta[25]",-1.0277,0.4619,-1.9203,-1.339,-1.0396,-0.7223,-0.087,1.0014,2400
"theta[26]",-1.6412,0.4161,-2.4448,-1.9155,-1.641,-1.3668,-0.8231,1.0022,1100
"theta[27]",0.7186,0.7217,-0.5898,0.2074,0.6794,1.1897,2.2323,1.004,2100
"theta[28]",-0.0476,0.5926,-1.149,-0.4576,-0.0727,0.3512,1.1574,1.0009,5000
"theta[29]",-1.0143,0.404,-1.7914,-1.2884,-1.0193,-0.7365,-0.1945,1.0011,5000
"theta[30]",0.2554,0.6252,-0.8776,-0.1841,0.2091,0.6643,1.5885,1.0009,5000
"theta[31]",0.5447,0.6423,-0.6252,0.1001,0.5106,0.9587,1.8539,1.0029,5000
"theta[32]",0.1828,0.6086,-0.9713,-0.2514,0.1626,0.5816,1.4153,1.0023,990
"theta[33]",-0.125,0.5457,-1.1637,-0.5052,-0.1338,0.2349,0.9767,1.0011,5000
"theta[34]",-0.5315,0.5304,-1.5247,-0.8925,-0.5539,-0.192,0.5795,1.0009,5000
"theta[35]",-0.2107,0.566,-1.2686,-0.596,-0.2242,0.1514,0.935,1.0029,730
"theta[36]",0.135,0.5758,-0.9496,-0.2632,0.1291,0.509,1.2928,1.0009,5000
"theta[37]",0.591,0.6489,-0.6242,0.1501,0.556,1.0097,1.9446,1.001,5000
"theta[38]",0.3476,0.6281,-0.7951,-0.0924,0.3196,0.7703,1.6413,1.0011,4400
"theta[39]",1.0726,0.7733,-0.329,0.5326,1.0219,1.5899,2.669,1.0023,1000
"theta[40]",0.2158,0.6249,-0.9557,-0.2182,0.2018,0.6275,1.4566,1.0025,860
"theta[41]",0.7103,0.6738,-0.5575,0.2527,0.677,1.1512,2.0982,1.0032,890
"theta[42]",0.8243,0.701,-0.4967,0.3438,0.8102,1.281,2.2403,1.0011,4500
"theta[43]",0.3707,0.5794,-0.739,-0.0252,0.3507,0.7445,1.564,1.0008,5000
"theta[44]",-0.5741,0.5064,-1.5416,-0.9258,-0.5783,-0.2475,0.4329,1.004,470
"theta[45]",0.5202,0.6572,-0.7097,0.0508,0.4994,0.9732,1.8353,1.0008,5000
"theta[46]",0.175,0.5679,-0.8947,-0.2129,0.1652,0.5535,1.2752,1.0019,1300
"theta[47]",0.4882,0.6535,-0.6633,0.0327,0.4526,0.8799,1.9086,1.0036,740
"theta[48]",0.5047,0.6574,-0.6966,0.04,0.4867,0.9395,1.896,1.0037,510
"theta[49]",-0.584,0.5216,-1.5442,-0.9425,-0.6017,-0.2334,0.457,1.001,5000
"theta[50]",-0.695,0.507,-1.6399,-1.0327,-0.7144,-0.3642,0.3286,1.0008,5000
"theta[51]",-0.0904,0.6118,-1.196,-0.5254,-0.1313,0.3123,1.1827,1.0009,5000
"theta[52]",-0.7685,0.4421,-1.6095,-1.072,-0.7701,-0.4645,0.1032,1.0013,5000
"theta[53]",0.1021,0.5116,-0.837,-0.2551,0.0792,0.4375,1.1374,1.0008,5000
"theta[54]",0.802,0.7494,-0.5458,0.2937,0.7546,1.2898,2.3981,1.001,5000
"theta[55]",-0.5303,0.4734,-1.4002,-0.8594,-0.5421,-0.2172,0.4489,1.0013,3100
"theta[56]",-0.9415,0.4656,-1.853,-1.2476,-0.9436,-0.626,-0.0385,1.0009,5000
"theta[57]",-0.4626,0.535,-1.4445,-0.834,-0.4888,-0.1177,0.6575,1.0063,270
"theta[58]",-1.6126,0.417,-2.4026,-1.9045,-1.6139,-1.3325,-0.7682,1.0012,3500
"theta[59]",0.7336,0.6373,-0.4899,0.3006,0.7158,1.1505,2.0408,1.0015,2300
"theta[60]",-0.1615,0.4565,-1.0125,-0.4892,-0.1777,0.1422,0.7602,1.0009,5000
"theta[61]",-0.0744,0.5829,-1.1108,-0.4829,-0.1079,0.2991,1.1306,1.0026,850
"theta[62]",0.5147,0.6686,-0.7389,0.0583,0.4837,0.951,1.9093,1.0018,1600
"theta[63]",0.2821,0.6418,-0.9039,-0.1639,0.2512,0.7008,1.6138,1.0012,5000
"theta[64]",0.1166,0.583,-0.988,-0.2755,0.084,0.5034,1.2793,1.0008,5000
"theta[65]",0.0643,0.468,-0.8458,-0.2554,0.0525,0.3832,0.9783,1.0033,610
"theta[66]",-0.2793,0.4336,-1.1059,-0.5773,-0.2872,0.014,0.563,1.0009,5000
"theta[67]",0.0386,0.5033,-0.8861,-0.304,0.0168,0.3721,1.0592,1.0008,5000
"theta[68]",-2.2691,0.38,-3.0166,-2.5179,-2.262,-2.0227,-1.538,1.0009,5000
"theta[69]",1.276,0.7398,-0.1177,0.7548,1.2512,1.77,2.7755,1.004,520
"theta[70]",0.749,0.6834,-0.5486,0.289,0.7325,1.2027,2.123,1.0043,430
"theta[71]",0.3657,0.6053,-0.7453,-0.0573,0.3452,0.7535,1.6563,1.0009,5000
"theta[72]",0.6631,0.6661,-0.5608,0.2049,0.6327,1.0852,2.0594,1.0011,4600
"theta[73]",0.4756,0.5593,-0.5681,0.0909,0.4541,0.8523,1.6104,1.0012,3800
"theta[74]",-0.3098,0.581,-1.4425,-0.7045,-0.3184,0.0847,0.8268,1.0099,170
"theta[75]",-0.2793,0.5823,-1.379,-0.6753,-0.2991,0.1071,0.8984,1.0012,5000
"theta[76]",-0.8139,0.4584,-1.6683,-1.127,-0.8159,-0.5121,0.1183,1.0034,5000
"theta[77]",-1.1103,0.4522,-1.9636,-1.4243,-1.1254,-0.807,-0.1952,1.0023,970
"theta[78]",0.7818,0.7523,-0.6056,0.254,0.7357,1.2686,2.3314,1.0025,900
"theta[79]",0.7726,0.6189,-0.3958,0.3489,0.7599,1.1805,2.0316,1.0008,5000
"theta[80]",-0.5396,0.5151,-1.493,-0.891,-0.5505,-0.1885,0.462,1.0016,1800
"theta[81]",0.8869,0.5999,-0.2426,0.4733,0.879,1.289,2.1141,1.0009,5000
"theta[82]",0.6174,0.6517,-0.5827,0.1533,0.603,1.0315,1.9862,1.0008,5000
"theta[83]",0.9589,0.6565,-0.2253,0.498,0.9521,1.3709,2.3118,1.0011,5000
"theta[84]",0.7248,0.6746,-0.5118,0.2543,0.7004,1.1699,2.1124,1.0008,5000
"theta[85]",1.0449,0.7385,-0.2669,0.5166,0.9909,1.5445,2.5611,1.001,5000
"theta[86]",1.2077,0.6939,-0.0886,0.7403,1.1859,1.6564,2.6608,1.0025,900
"theta[87]",-0.4056,0.5306,-1.4242,-0.7687,-0.4108,-0.0552,0.659,1.0014,2300
"theta[88]",-0.4614,0.4899,-1.3976,-0.7994,-0.4743,-0.1298,0.5257,1.001,5000
"theta[89]",0.4879,0.6275,-0.6882,0.0472,0.4794,0.9172,1.7329,1.0014,2400
"theta[90]",-1.2638,0.4166,-2.061,-1.5445,-1.2706,-0.9971,-0.408,1.0016,1900
"theta[91]",0.1179,0.5247,-0.8701,-0.2404,0.1038,0.4656,1.2098,1.0029,730
"theta[92]",0.7981,0.7404,-0.548,0.2817,0.7273,1.281,2.4205,1.0013,3000
"theta[93]",-1.5971,0.3909,-2.3716,-1.8611,-1.5976,-1.3307,-0.8382,1.0012,3600
"theta[94]",0.0208,0.6062,-1.0954,-0.3862,-0.0013,0.4098,1.2768,1.001,5000
"theta[95]",0.7955,0.7379,-0.5126,0.2792,0.7557,1.2566,2.3785,1.0008,5000
"theta[96]",-0.2283,0.5422,-1.2187,-0.6023,-0.2504,0.1404,0.8794,1.0017,1700
"theta[97]",1.0184,0.5552,-0.008,0.6399,1.0065,1.3788,2.1584,1.0012,3800
"theta[98]",-1.8984,0.4251,-2.6978,-2.1868,-1.9057,-1.6158,-1.0646,1.0017,5000
"theta[99]",0.2598,0.5389,-0.7815,-0.0979,0.256,0.6063,1.3648,1.001,5000
"theta[100]",0.0444,0.6239,-1.1184,-0.3771,0.0143,0.4404,1.3299,1.0025,900
"theta[101]",-0.5548,0.5031,-1.5138,-0.9034,-0.554,-0.2216,0.4526,1.0044,420
"theta[102]",0.4993,0.5075,-0.4921,0.1529,0.4851,0.8338,1.5263,1.004,970
"theta[103]",0.0381,0.5598,-1.0361,-0.3419,0.0152,0.4124,1.1719,1.0022,1000
"theta[104]",0.8719,0.6696,-0.335,0.4041,0.848,1.3055,2.2616,1.0008,5000
"theta[105]",0.2702,0.6509,-0.8977,-0.182,0.2363,0.6761,1.6715,1.0017,1700
"theta[106]",-0.0884,0.5491,-1.1271,-0.4692,-0.0982,0.276,1.0032,1.0008,5000
"theta[107]",-0.2526,0.5482,-1.3038,-0.6256,-0.267,0.1048,0.8756,1.0026,820
"theta[108]",1.0265,0.6864,-0.2472,0.5419,1.0095,1.4782,2.4584,1.0008,5000
"theta[109]",-0.666,0.4941,-1.6053,-0.9946,-0.6845,-0.3508,0.3602,1.0011,4600
"theta[110]",0.7846,0.7455,-0.5692,0.2576,0.7464,1.2777,2.331,1.0038,500
"theta[111]",-1.3607,0.4176,-2.193,-1.6345,-1.3664,-1.0835,-0.5381,1.001,5000
"theta[112]",0.6633,0.7243,-0.6526,0.1621,0.6179,1.1335,2.1727,1.0028,5000
"theta[113]",-0.3222,0.5527,-1.3519,-0.7029,-0.3365,0.0419,0.8056,1.0021,1100
"theta[114]",0.7904,0.6462,-0.4306,0.344,0.7651,1.2005,2.113,1.0009,5000
"theta[115]",-2.2535,0.4078,-3.0609,-2.526,-2.2531,-1.9814,-1.4576,1.0028,890
"theta[116]",-1.1425,0.408,-1.93,-1.4207,-1.1445,-0.8702,-0.3211,1.0017,1600
"theta[117]",1.5072,0.7062,0.1895,1.0109,1.483,1.9731,2.9357,1.0013,3000
"theta[118]",0.514,0.691,-0.7491,0.0556,0.4817,0.9384,1.9908,1.0122,130
"theta[119]",0.1404,0.6259,-0.9896,-0.2948,0.1163,0.5361,1.457,1.0025,900
"theta[120]",-0.4638,0.5447,-1.5038,-0.8289,-0.475,-0.1126,0.6082,1.0019,1300
"theta[121]",0.0991,0.6025,-1.0035,-0.3143,0.0745,0.4871,1.3515,1.0035,5000
"theta[122]",0.661,0.6436,-0.5361,0.2206,0.6423,1.0692,1.9734,1.0008,5000
"theta[123]",0.7474,0.5181,-0.2582,0.4011,0.7377,1.0873,1.7979,1.0015,2200
"theta[124]",-0.1885,0.4896,-1.1153,-0.5192,-0.1919,0.1331,0.8175,1.0022,1100
"theta[125]",1.2587,0.7045,-0.0652,0.7733,1.2552,1.7271,2.7064,1.0008,5000
"theta[126]",0.7594,0.6899,-0.5128,0.2764,0.734,1.2356,2.1458,1.0024,930
"theta[127]",1.3314,0.744,-0.0621,0.8143,1.3253,1.8285,2.8199,1.0021,5000
"theta[128]",-1.1215,0.4436,-1.9672,-1.433,-1.1332,-0.8256,-0.2045,1.0009,5000
"theta[129]",0.9597,0.6511,-0.2325,0.5134,0.9289,1.3773,2.3445,1.0019,5000
"theta[130]",0.1587,0.61,-0.9641,-0.2687,0.1257,0.5591,1.4058,1.0082,200
"theta[131]",0.9166,0.6957,-0.3873,0.4301,0.8897,1.369,2.3476,1.0031,650
"theta[132]",-0.0322,0.551,-1.0632,-0.4242,-0.0514,0.3326,1.0921,1.0014,2400
"theta[133]",0.8192,0.7493,-0.5124,0.3013,0.7823,1.2953,2.4307,1.0055,320
"theta[134]",-0.3959,0.541,-1.3718,-0.7676,-0.4305,-0.0538,0.7609,1.0008,5000
"theta[135]",-1.0281,0.4417,-1.8654,-1.324,-1.0358,-0.7327,-0.1503,1.0009,5000
"theta[136]",0.7979,0.6226,-0.3627,0.3702,0.7759,1.2068,2.0831,1.002,1300
"theta[137]",-0.3394,0.5265,-1.3403,-0.7027,-0.3572,0.0071,0.7205,1.001,5000
"theta[138]",0.1891,0.6332,-0.9445,-0.2536,0.1571,0.6006,1.5337,1.0008,5000
"theta[139]",-0.137,0.574,-1.1963,-0.5298,-0.1606,0.239,1.0251,1.0017,1700
"theta[140]",0.2883,0.6812,-0.929,-0.1885,0.2398,0.7282,1.7306,1.0009,5000
"theta[141]",-1.0568,0.4406,-1.8893,-1.3563,-1.0644,-0.7666,-0.1666,1.0009,5000
"theta[142]",-1.1455,0.4261,-1.996,-1.4227,-1.1506,-0.8574,-0.313,1.0013,3200
"theta[143]",-0.5313,0.5541,-1.5763,-0.9145,-0.5455,-0.1619,0.5687,1.0011,5000
"theta[144]",-0.9441,0.4713,-1.8327,-1.274,-0.9481,-0.6316,-0.0016,1.0008,5000
"theta[145]",0.906,0.7119,-0.4021,0.4176,0.8617,1.3592,2.4194,1.0027,780
"theta[146]",-0.1436,0.5396,-1.1207,-0.5212,-0.1628,0.1949,0.9756,1.0022,1100
"theta[147]",0.9484,0.5992,-0.1515,0.5275,0.925,1.3551,2.1801,1.0008,5000
"theta[148]",0.7976,0.7438,-0.574,0.2893,0.7347,1.2497,2.3858,1.0008,5000
"theta[149]",0.6614,0.5536,-0.4073,0.2907,0.6552,1.0172,1.7611,1.0013,3100
"theta[150]",1.3267,0.6583,0.0853,0.8853,1.3076,1.7559,2.6446,1.0047,390
"theta[151]",0.3971,0.5625,-0.6356,0.004,0.377,0.7619,1.5488,1.0014,2300
"theta[152]",1.3394,0.5865,0.2454,0.9401,1.3174,1.7288,2.528,1.0011,5000
"theta[153]",-0.9069,0.4772,-1.7967,-1.2323,-0.9301,-0.5934,0.0856,1.0018,1500
"theta[154]",0.8673,0.7482,-0.5074,0.3408,0.8477,1.3477,2.4062,1.0018,1500
"theta[155]",-0.0048,0.5497,-1.0367,-0.3818,-0.0178,0.3584,1.1119,1.0034,580
"theta[156]",-0.6258,0.4655,-1.5173,-0.9403,-0.6343,-0.3206,0.3129,1.0008,5000
"theta[157]",-0.4001,0.5014,-1.3391,-0.7459,-0.4041,-0.07,0.6058,1.0025,890
"theta[158]",-0.2762,0.5196,-1.2504,-0.6322,-0.294,0.0671,0.7826,1.0011,4900
"theta[159]",-1.0662,0.4906,-2.0094,-1.4045,-1.0762,-0.7316,-0.0875,1.0008,5000
"theta[160]",-0.9955,0.4377,-1.833,-1.2992,-1.0044,-0.7032,-0.1014,1.0008,5000
"theta[161]",1.0259,0.6695,-0.275,0.5658,1.0077,1.4649,2.3819,1.0032,830
"theta[162]",-0.0356,0.5456,-1.0555,-0.4004,-0.0438,0.3134,1.0743,1.0008,5000
"theta[163]",0.134,0.5672,-0.9273,-0.2692,0.1103,0.5188,1.2741,1.0009,5000
"theta[164]",-1.3496,0.4719,-2.2654,-1.6693,-1.3576,-1.0393,-0.3871,1.0024,950
"theta[165]",-0.7437,0.5101,-1.7387,-1.0832,-0.7491,-0.4054,0.2879,1.0011,5000
"theta[166]",1.6387,0.733,0.2889,1.139,1.6163,2.0926,3.1913,1.0019,1400
"theta[167]",0.4516,0.6477,-0.6951,-0.0103,0.4177,0.8686,1.803,1.0009,5000
"theta[168]",0.1868,0.6259,-0.9625,-0.2428,0.1605,0.5868,1.5021,1.0051,750
"theta[169]",0.315,0.5716,-0.7745,-0.0726,0.3187,0.684,1.459,1.0009,5000
"theta[170]",0.4386,0.6574,-0.7838,-0.0139,0.4294,0.868,1.816,1.0008,5000
"theta[171]",1.0064,0.5385,-0.0054,0.6315,0.9929,1.3609,2.122,1.0008,5000
"theta[172]",-1.6172,0.4527,-2.4893,-1.9214,-1.6192,-1.319,-0.7281,1.0031,650
"theta[173]",-0.5168,0.4838,-1.4386,-0.8393,-0.5258,-0.1989,0.4654,1.0018,1500
"theta[174]",-2.267,0.3719,-2.9854,-2.5305,-2.2699,-2.01,-1.5458,1.0009,5000
"theta[175]",0.8801,0.6904,-0.393,0.4063,0.8648,1.3284,2.2804,1.0022,1100
"theta[176]",0.4656,0.595,-0.6398,0.0567,0.4524,0.8602,1.627,1.0009,5000
"theta[177]",0.8172,0.6157,-0.3307,0.3915,0.787,1.2216,2.0891,1.0009,5000
"theta[178]",-1.4094,0.4441,-2.2931,-1.7037,-1.4133,-1.1215,-0.5128,1.0019,2800
"theta[179]",-1.0019,0.4584,-1.8721,-1.3185,-1.0118,-0.6969,-0.0645,1.0008,5000
"theta[180]",0.4368,0.678,-0.795,-0.0577,0.4114,0.8835,1.8248,1.0017,3600
"theta[181]",0.4021,0.6033,-0.7165,-0.0052,0.3793,0.7825,1.6555,1.0008,5000
"theta[182]",0.7556,0.7484,-0.5885,0.2293,0.7112,1.2467,2.2742,1.0035,990
"theta[183]",-1.0739,0.4926,-1.9774,-1.4199,-1.0875,-0.7506,-0.049,1.0008,5000
"theta[184]",-0.6672,0.4702,-1.5671,-0.9917,-0.6797,-0.3471,0.2608,1.0011,5000
"theta[185]",-0.8705,0.4308,-1.6886,-1.1629,-0.877,-0.578,-0.0164,1.0008,5000
"theta[186]",-0.5356,0.4993,-1.4859,-0.8821,-0.5334,-0.2062,0.4546,1.0029,710
"theta[187]",-0.2133,0.5111,-1.1703,-0.5642,-0.2185,0.1245,0.8079,1.0009,5000
"theta[188]",1.2522,0.6586,0.0204,0.7983,1.2402,1.7019,2.5653,1.002,1300
"theta[189]",-0.1377,0.5081,-1.1021,-0.4755,-0.1466,0.1808,0.9126,1.0054,330
"theta[190]",-0.2866,0.5534,-1.2994,-0.6755,-0.3147,0.0784,0.8301,1.0025,870
"theta[191]",0.8428,0.675,-0.3823,0.3658,0.8158,1.2878,2.2503,1.002,1300
"theta[192]",0.8303,0.676,-0.4006,0.3536,0.8056,1.2808,2.2335,1.0023,1000
"theta[193]",-1.1248,0.4628,-1.9947,-1.4418,-1.1342,-0.8185,-0.1834,1.0008,5000
"theta[194]",0.5714,0.5505,-0.4512,0.2059,0.5539,0.9219,1.6972,1.0008,5000
"theta[195]",-1.7801,0.3944,-2.5469,-2.0379,-1.7876,-1.5203,-0.9769,1.0019,1300
"theta[196]",1.1873,0.6461,-0.0307,0.7397,1.1649,1.5993,2.5248,1.0042,440
"theta[197]",-0.2286,0.5542,-1.2507,-0.6122,-0.2515,0.1352,0.9215,1.001,5000
"theta[198]",0.3904,0.6033,-0.7657,-0.0191,0.3556,0.7924,1.645,1.0008,5000
"theta[199]",-0.6024,0.4887,-1.5304,-0.9444,-0.6138,-0.287,0.383,1.0009,5000
"theta[200]",-1.2627,0.4304,-2.0974,-1.5584,-1.2645,-0.9808,-0.4129,1.003,680
"theta[201]",0.8158,0.741,-0.5024,0.281,0.7605,1.2996,2.3854,1.0013,3200
"theta[202]",-0.5278,0.4491,-1.3783,-0.8356,-0.5401,-0.2292,0.3929,1.0023,990
"theta[203]",0.5512,0.5374,-0.4702,0.1806,0.5299,0.9176,1.6191,1.0008,5000
"theta[204]",1.4432,0.736,0.0384,0.9298,1.4359,1.9461,2.8859,1.0012,3800
"theta[205]",-0.2582,0.5644,-1.2932,-0.6582,-0.2734,0.1079,0.9192,1.0024,950
"theta[206]",-0.5217,0.4956,-1.4837,-0.8544,-0.5257,-0.2043,0.4921,1.001,5000
"theta[207]",0.7981,0.7545,-0.6022,0.2775,0.7553,1.282,2.3507,1.0012,3900
"theta[208]",-0.1128,0.4857,-1.034,-0.4397,-0.1281,0.219,0.8408,1.0008,5000
"theta[209]",-0.7055,0.433,-1.5485,-0.9953,-0.7188,-0.4183,0.1757,1.0012,3800
"theta[210]",0.1866,0.6078,-0.9235,-0.2351,0.1654,0.5652,1.4905,1.0023,990
"theta[211]",1.2568,0.5684,0.1998,0.8696,1.2494,1.6274,2.4012,1.0023,1000
"theta[212]",-0.2151,0.5124,-1.2042,-0.5541,-0.2276,0.1058,0.8352,1.0013,3400
"theta[213]",0.3706,0.6405,-0.8025,-0.0699,0.3445,0.7942,1.7279,1.001,5000
"theta[214]",0.6105,0.6721,-0.655,0.1583,0.5901,1.043,2.014,1.0009,5000
"theta[215]",-0.7809,0.4365,-1.6342,-1.0734,-0.7864,-0.4976,0.0807,1.0017,1800
"theta[216]",-0.195,0.4883,-1.1007,-0.5268,-0.2062,0.1349,0.794,1.0014,2300
"theta[217]",0.1465,0.633,-1.0103,-0.2889,0.1069,0.5444,1.5172,1.0051,350
"theta[218]",1.101,0.7469,-0.2782,0.5832,1.0715,1.5755,2.6509,1.003,670
"theta[219]",1.571,0.683,0.257,1.1132,1.5625,2.0133,2.9396,1.0032,620
"theta[220]",0.131,0.5851,-0.9675,-0.2714,0.1202,0.5171,1.3392,1.0019,1400
"theta[221]",0.2898,0.4805,-0.6193,-0.0222,0.2716,0.6132,1.2636,1.0016,5000
"theta[222]",0.7284,0.6491,-0.4878,0.2825,0.7093,1.1253,2.0703,1.0017,1700
"theta[223]",0.7576,0.5143,-0.1987,0.4072,0.7403,1.0949,1.8316,1.0018,1500
"theta[224]",-1.0386,0.443,-1.8781,-1.3524,-1.0479,-0.7347,-0.1629,1.0023,5000
"theta[225]",-0.5801,0.5191,-1.5487,-0.9356,-0.5922,-0.2462,0.4856,1.0012,3600
"theta[226]",0.3222,0.4748,-0.5595,-0.0044,0.3112,0.6334,1.2943,1.0012,4100
"theta[227]",1.0698,0.7688,-0.3848,0.5424,1.0543,1.5654,2.6443,1.0055,320
"theta[228]",0.0374,0.5676,-1.0519,-0.351,0.0228,0.4007,1.1682,1.0008,5000
"theta[229]",-0.0191,0.5374,-1.0079,-0.3987,-0.0354,0.3371,1.0766,1.0013,3100
"theta[230]",-1.2062,0.4754,-2.088,-1.5343,-1.2168,-0.8862,-0.2477,1.001,5000
"theta[231]",-0.8159,0.5118,-1.7646,-1.1667,-0.8342,-0.4849,0.2365,1.0026,840
"theta[232]",0.4424,0.6438,-0.7563,-0.0114,0.4147,0.8645,1.7962,1.0012,3500
"theta[233]",-1.4278,0.4371,-2.2778,-1.7184,-1.44,-1.1417,-0.5525,1.0009,5000
"theta[234]",0.8613,0.7277,-0.4684,0.3502,0.8505,1.3516,2.3363,1.0027,780
"theta[235]",-1.7901,0.4417,-2.6354,-2.0891,-1.7891,-1.4922,-0.9311,1.0019,1400
"theta[236]",0.7829,0.7491,-0.5781,0.2538,0.7696,1.2735,2.3373,1.0008,5000
"theta[237]",0.2898,0.5229,-0.7014,-0.0576,0.2828,0.634,1.3559,1.001,5000
"theta[238]",0.1504,0.5687,-0.9366,-0.2468,0.1403,0.5414,1.2633,1.0008,5000
"theta[239]",0.7231,0.67,-0.4819,0.2543,0.6764,1.1521,2.1235,1.0013,2900
"theta[240]",-0.3322,0.5437,-1.3506,-0.7058,-0.3577,0.0332,0.7602,1.0015,2000
"theta[241]",1.3106,0.7391,-0.0626,0.8013,1.2789,1.7944,2.8052,1.0009,5000
"theta[242]",-0.8804,0.4821,-1.7795,-1.2069,-0.892,-0.5691,0.1021,1.0059,310
"theta[243]",0.0477,0.4768,-0.8444,-0.2769,0.032,0.3605,1.0182,1.0015,2200
"theta[244]",-1.569,0.4295,-2.4036,-1.864,-1.5713,-1.2829,-0.7259,1.0014,2400
"theta[245]",0.0508,0.4748,-0.8452,-0.2696,0.0356,0.3538,1.0082,1.0008,5000
"theta[246]",-0.8603,0.4883,-1.7842,-1.1863,-0.8761,-0.5371,0.134,1.0008,5000
"theta[247]",-0.4139,0.5439,-1.4043,-0.7836,-0.4482,-0.0633,0.7133,1.0012,4200
"theta[248]",1.2781,0.5738,0.196,0.8865,1.2637,1.6618,2.4274,1.001,5000
"theta[249]",0.2561,0.4899,-0.6435,-0.0849,0.2483,0.5854,1.2474,1.0022,1100
"theta[250]",-0.4692,0.4563,-1.3266,-0.7744,-0.4811,-0.1785,0.4545,1.0013,2900
"theta[251]",-0.526,0.4787,-1.4682,-0.8447,-0.5375,-0.21,0.4301,1.0011,4500
"theta[252]",-1.6758,0.4288,-2.5003,-1.971,-1.6878,-1.3899,-0.7999,1.0047,390
"theta[253]",-0.8512,0.4704,-1.7358,-1.1832,-0.866,-0.5368,0.088,1.0051,350
"theta[254]",0.7188,0.7249,-0.5742,0.2039,0.6836,1.1979,2.2112,1.0035,570
"theta[255]",0.0979,0.6004,-1.0197,-0.3135,0.0849,0.4827,1.3263,1.0015,2200
"theta[256]",-0.3491,0.5519,-1.362,-0.735,-0.3684,0.007,0.8116,1.001,5000
"theta[257]",-1.3483,0.4173,-2.1432,-1.6335,-1.3465,-1.079,-0.4915,1.0036,530
"theta[258]",0.3857,0.6107,-0.7724,-0.0371,0.3659,0.799,1.6426,1.0017,5000
"theta[259]",0.5247,0.4966,-0.3754,0.1876,0.4935,0.8504,1.5492,1.0011,5000
"theta[260]",-0.1639,0.4476,-1.0117,-0.4654,-0.1753,0.131,0.7257,1.0022,1100
"theta[261]",-0.4181,0.5275,-1.3996,-0.7799,-0.4355,-0.0758,0.6966,1.0019,1300
"theta[262]",0.1679,0.6258,-0.9669,-0.2733,0.1304,0.5879,1.4784,1.0014,2500
"theta[263]",0.7705,0.6212,-0.4036,0.3382,0.7505,1.1823,2.0113,1.0025,870
"theta[264]",-0.3777,0.5262,-1.394,-0.7303,-0.3863,-0.0294,0.7102,1.0017,1600
"theta[265]",0.0767,0.6082,-1.0523,-0.3409,0.0558,0.4656,1.3134,1.0015,2100
"theta[266]",0.6955,0.6427,-0.4637,0.2546,0.6692,1.1101,2.0151,1.0017,1700
"theta[267]",-0.9918,0.438,-1.8046,-1.3038,-1.0025,-0.6942,-0.1222,1.0022,1100
"theta[268]",-1.5382,0.4191,-2.3715,-1.8209,-1.5415,-1.2547,-0.7021,1.0012,4100
"theta[269]",0.8635,0.7626,-0.5455,0.3301,0.8151,1.3691,2.4355,1.0024,960
"theta[270]",1.1765,0.7593,-0.2035,0.6347,1.1502,1.6689,2.7397,1.0015,2200
"theta[271]",-2.4223,0.3718,-3.1324,-2.6759,-2.4153,-2.1722,-1.6897,1.001,5000
"theta[272]",0.7639,0.5114,-0.1943,0.4165,0.7574,1.1037,1.7867,1.0046,570
"theta[273]",0.4427,0.6388,-0.7768,-0.0029,0.4297,0.8799,1.7067,1.001,5000
"theta[274]",0.344,0.6288,-0.842,-0.1041,0.3269,0.7621,1.6456,1.0025,860
"theta[275]",-1.6419,0.4265,-2.4674,-1.9321,-1.6438,-1.3619,-0.7922,1.002,1300
"theta[276]",-0.7557,0.528,-1.7584,-1.1221,-0.7596,-0.4016,0.2768,1.0008,5000
"theta[277]",0.3883,0.6564,-0.8408,-0.0639,0.3687,0.8088,1.7676,1.0009,5000
"theta[278]",0.2643,0.5697,-0.7968,-0.1419,0.2467,0.6515,1.4133,1.001,5000
"theta[279]",0.8485,0.67,-0.3962,0.3948,0.8296,1.2933,2.2143,1.001,5000
"theta[280]",-0.5049,0.4273,-1.2868,-0.7945,-0.5202,-0.2248,0.3509,1.0009,5000
"theta[281]",0.981,0.6811,-0.2977,0.5081,0.9707,1.4238,2.3599,1.0018,1600
"theta[282]",0.6405,0.59,-0.4436,0.2428,0.6122,1.0183,1.8574,1.0008,5000
"theta[283]",-0.1508,0.49,-1.1146,-0.4745,-0.1623,0.1653,0.8374,1.0013,3000
"theta[284]",0.8807,0.7496,-0.4945,0.3642,0.8454,1.3654,2.4823,1.0034,580
"theta[285]",-0.1351,0.5628,-1.1905,-0.5201,-0.15,0.2275,1.0114,1.0023,1000
"theta[286]",1.0709,0.7553,-0.3702,0.5509,1.0541,1.5671,2.6157,1.0009,5000
"theta[287]",1.0563,0.7374,-0.3233,0.5413,1.0148,1.5422,2.6138,1.0009,5000
"theta[288]",0.5042,0.7156,-0.816,-0.0013,0.4712,0.9705,1.9979,1.0013,5000
"theta[289]",0.6059,0.6419,-0.6063,0.1794,0.5806,1.0316,1.8985,1.0008,5000
"theta[290]",0.5689,0.6958,-0.6702,0.0763,0.5244,1.0246,2.0591,1.0009,5000
"theta[291]",0.266,0.6439,-0.9232,-0.1768,0.2441,0.6659,1.6458,1.0012,3800
"theta[292]",0.0469,0.6165,-1.0724,-0.3889,0.0229,0.4544,1.3237,1.0016,1900
"theta[293]",0.8047,0.7411,-0.53,0.2783,0.7572,1.2823,2.4024,1.0008,5000
"theta[294]",-0.8794,0.462,-1.7194,-1.1969,-0.884,-0.5702,0.049,1.0015,2100
"theta[295]",-0.1483,0.5195,-1.1693,-0.5003,-0.1573,0.1971,0.8879,1.0012,3400
"theta[296]",1.0527,0.7611,-0.3908,0.5469,1.0029,1.5179,2.6656,1.0021,5000
"theta[297]",0.5511,0.6486,-0.6464,0.1135,0.5325,0.9654,1.8766,1.0015,2900
"theta[298]",-0.8685,0.4868,-1.8011,-1.202,-0.877,-0.5431,0.1118,1.0013,3100
"theta[299]",0.1687,0.5634,-0.9052,-0.2061,0.1558,0.5276,1.3354,1.0015,2000
"theta[300]",-0.4878,0.504,-1.4538,-0.8408,-0.4857,-0.1522,0.54,1.0012,3800
